{
  "C1": 1831.8759999275208,
  "banner_pos": 5087.564526319504,
  "device_type": 3036.3857731819153,
  "device_conn_type": 2975.092311143875,
  "C14": 21644.234761238098,
  "C15": 1960.9367773532867,
  "C16": 17796.505613327026,
  "C17": 13762.713453054428,
  "C18": 6031.773012638092,
  "C19": 11002.518319129944,
  "C20": 13735.241345882416,
  "C21": 18803.50894165039,
  "site_id_int": 33001.087196826935,
  "site_domain_int": 25321.0224506855,
  "site_category_int": 9372.449896097183,
  "app_id_int": 24249.37953066826,
  "app_domain_int": 13371.53793144226,
  "app_category_int": 5428.509448766708,
  "device_id_int": 13852.066716909409,
  "device_ip_int": 23642.755772590637,
  "device_model_int": 25250.09102153778
}